{
    "variables": [
        "u",
        "v"
    ],
    "variablesMeta": {
        "u": {
            "units": "m.s^{-1}",
            "min": -0.42573482,
            "max": 0.6378417
        },
        "v": {
            "units": "m.s^{-1}",
            "min": -0.43189678,
            "max": 0.45249003
        }
    },
    "maxZoom": 5,
    "times": [
        "2010-01-01T00:00:00Z"
    ]
}